"pathway_name","PN","PS","DN","DS","n_genes","set_length","dnds","pnps"
"2-Oxocarboxylic acid metabolism",86,587,36,202,19,26624,0.178217821782178,0.146507666098807
"ATP-dependent chromatin remodeling",123,447,42,194,17,36335,0.216494845360825,0.275167785234899
"Alanine, aspartate and glutamate metabolism",61,437,36,134,14,18255,0.26865671641791,0.139588100686499
"Amino acid biosynthesis",172,1191,69,476,42,52743,0.144957983193277,0.144416456759026
"Amino acid catabolism",56,445,29,166,10,13181,0.174698795180723,0.125842696629213
"Amino acid metabolism",230,1702,99,672,55,69049,0.147321428571429,0.135135135135135
"Amino sugar and nucleotide sugar metabolism",127,881,62,320,29,40599,0.19375,0.144154370034052
"Aminoacyl-tRNA biosynthesis",30,200,13,69,8,13203,0.188405797101449,0.15
"Arginine and proline metabolism",48,238,24,104,10,14218,0.230769230769231,0.201680672268908
"Ascorbate and aldarate metabolism",112,371,56,181,18,20653,0.30939226519337,0.30188679245283
"Basal transcription factors",30,232,25,121,13,18419,0.206611570247934,0.129310344827586
"Base excision repair",105,179,51,71,9,11756,0.71830985915493,0.58659217877095
"Biosynthesis of amino acids",190,1381,95,583,51,64728,0.16295025728988,0.137581462708182
"Biosynthesis of cofactors",380,1377,187,574,58,69096,0.325783972125436,0.27596223674655
"Biosynthesis of nucleotide sugars",101,683,41,247,25,34148,0.165991902834008,0.14787701317716
"Biosynthesis of secondary metabolites",1250,6928,652,2810,245,325248,0.23202846975089,0.180427251732102
"Biosynthesis of various nucleotide sugars",53,279,9,101,11,14581,0.0891089108910891,0.189964157706093
"Brassinosteroid signaling",9,87,9,44,9,17467,0.204545454545455,0.103448275862069
"Carbohydrate metabolism",237,1545,119,614,47,81767,0.193811074918567,0.153398058252427
"Carbon fixation by Calvin cycle",77,346,39,168,16,20876,0.232142857142857,0.222543352601156
"Carbon metabolism",222,1870,114,724,71,94501,0.157458563535912,0.118716577540107
"Cell cycle",58,306,23,80,10,16502,0.2875,0.189542483660131
"Cellular processes",58,306,23,80,10,16502,0.2875,0.189542483660131
"Circadian rhythm - plant",9,133,1,58,8,12314,0.0172413793103448,0.0676691729323308
"Citrate cycle",48,439,18,158,18,24389,0.113924050632911,0.109339407744875
"Cofactor biosyntheses",174,734,57,282,26,33131,0.202127659574468,0.237057220708447
"Cyanoamino acid metabolism",52,249,22,100,8,10506,0.22,0.208835341365462
"Cysteine and methionine metabolism",54,382,36,182,20,24327,0.197802197802198,0.141361256544503
"DNA replication",68,257,15,69,8,13790,0.217391304347826,0.264591439688716
"Efferocytosis",42,258,24,110,16,21993,0.218181818181818,0.162790697674419
"Endocytosis",83,752,51,287,32,50871,0.177700348432056,0.110372340425532
"Fatty acid biosynthesis",23,174,22,79,8,10893,0.278481012658228,0.132183908045977
"Fatty acid degradation",125,552,52,218,16,25815,0.238532110091743,0.226449275362319
"Fatty acid elongation",73,230,43,96,10,11118,0.447916666666667,0.317391304347826
"Fatty acid metabolism",106,518,56,179,18,25842,0.312849162011173,0.204633204633205
"Fructose and mannose metabolism",35,183,28,101,11,13688,0.277227722772277,0.191256830601093
"Galactose metabolism",77,278,39,146,11,16441,0.267123287671233,0.276978417266187
"Generation of precursor metabolites and energy",19,263,10,85,9,12394,0.117647058823529,0.0722433460076046
"Glutathione metabolism",39,307,28,136,13,15874,0.205882352941176,0.127035830618893
"Glycerolipid metabolism",55,249,35,117,11,14599,0.299145299145299,0.220883534136546
"Glycerophospholipid metabolism",53,397,41,152,13,16532,0.269736842105263,0.133501259445844
"Glycine, serine and threonine metabolism",98,660,31,239,21,26877,0.129707112970711,0.148484848484848
"Glycolysis / Gluconeogenesis",115,767,69,364,35,46122,0.18956043956044,0.14993481095176
"Glyoxylate and dicarboxylate metabolism",61,694,24,255,23,28077,0.0941176470588235,0.0878962536023055
"Gravitropism under normal or artificial gravity environments",61,220,40,131,14,27263,0.305343511450382,0.277272727272727
"Growth and developmental processes",126,483,63,218,32,55923,0.288990825688073,0.260869565217391
"Hormone signaling, transport, and metabolism",122,528,66,285,32,45665,0.231578947368421,0.231060606060606
"IgSF CAM signaling",11,319,6,117,12,12154,0.0512820512820513,0.0344827586206897
"Inositol phosphate metabolism",109,421,57,163,16,39393,0.349693251533742,0.258907363420428
"Jasmonic acid signaling",48,125,23,83,8,15785,0.27710843373494,0.384
"Lipoic acid metabolism",71,493,25,171,17,24158,0.146198830409357,0.144016227180527
"Lysine biosynthesis I",28,135,11,104,8,9633,0.105769230769231,0.207407407407407
"Lysine biosynthesis II",28,135,11,104,8,9633,0.105769230769231,0.207407407407407
"Lysine degradation",59,260,30,111,12,20328,0.27027027027027,0.226923076923077
"Lysosome biogenesis",241,903,132,410,42,98765,0.321951219512195,0.266888150609081
"MAPK signaling pathway - plant",100,514,38,213,17,22987,0.178403755868545,0.194552529182879
"Metabolic pathways",2037,10755,1091,4449,413,561289,0.245223645763093,0.189400278940028
"Metabolism and regulation",877,5340,438,2256,199,278279,0.194148936170213,0.164232209737828
"Mitosis",58,306,23,80,10,16502,0.2875,0.189542483660131
"Motor proteins",113,800,80,337,21,41852,0.237388724035608,0.14125
"N-Glycan biosynthesis",129,405,66,206,19,28595,0.320388349514563,0.318518518518519
"Nucleocytoplasmic transport",127,418,78,253,20,53524,0.308300395256917,0.303827751196172
"Nucleotide excision repair",45,372,19,167,14,21947,0.11377245508982,0.120967741935484
"Nucleotide metabolism",47,266,23,106,13,15295,0.216981132075472,0.176691729323308
"One carbon pool by folate",47,510,14,174,16,20694,0.0804597701149425,0.092156862745098
"Oxidative phosphorylation",27,358,19,127,21,20213,0.149606299212598,0.0754189944134078
"Pantothenate and CoA biosynthesis",38,220,28,109,8,11495,0.256880733944954,0.172727272727273
"Pentose and glucuronate interconversions",62,270,33,138,11,13454,0.239130434782609,0.22962962962963
"Pentose phosphate pathway",44,348,25,130,13,18208,0.192307692307692,0.126436781609195
"Peroxisome",88,579,41,210,17,20493,0.195238095238095,0.151986183074266
"Phagosome",54,425,35,182,18,31417,0.192307692307692,0.127058823529412
"Phenylalanine, tyrosine and tryptophan biosynthesis",29,175,17,73,8,7738,0.232876712328767,0.165714285714286
"Phenylpropanoid biosynthesis",100,500,64,273,18,21527,0.234432234432234,0.2
"Phosphatidylinositol signaling system",85,391,55,146,14,32980,0.376712328767123,0.217391304347826
"Plant hormone signal transduction",125,542,47,241,25,34413,0.195020746887967,0.230627306273063
"Plant-pathogen interaction",124,488,45,164,19,23444,0.274390243902439,0.254098360655738
"Polycomb repressive complex",46,127,16,45,9,12214,0.355555555555556,0.362204724409449
"Porphyrin metabolism",68,651,35,196,16,23682,0.178571428571429,0.104454685099846
"Propanoate metabolism",34,186,12,74,8,10669,0.162162162162162,0.182795698924731
"Proteasome",43,378,32,125,20,21281,0.256,0.113756613756614
"Protein export",26,235,30,103,15,15990,0.29126213592233,0.11063829787234
"Protein processing in endoplasmic reticulum",146,1046,103,444,43,69604,0.231981981981982,0.139579349904398
"Purine metabolism",62,318,22,115,15,15094,0.191304347826087,0.19496855345912
"Pyrimidine metabolism",24,105,25,74,10,11233,0.337837837837838,0.228571428571429
"Pyruvate metabolism",86,590,49,318,27,35091,0.154088050314465,0.145762711864407
"RNA degradation",82,538,52,258,23,40312,0.201550387596899,0.152416356877323
"RNA polymerase",70,297,20,88,11,24508,0.227272727272727,0.235690235690236
"Regulation of seed size",31,146,22,87,15,24896,0.252873563218391,0.212328767123288
"Regulatory network of nutrient accumulation",62,194,27,62,9,15468,0.435483870967742,0.319587628865979
"Reproductive structure development",122,469,60,198,29,52428,0.303030303030303,0.260127931769723
"Responses to stimuli: abiotic stimuli and stresses",92,344,53,198,19,39062,0.267676767676768,0.267441860465116
"Ribosome",50,523,22,264,52,31163,0.0833333333333333,0.0956022944550669
"Ribosome biogenesis in eukaryotes",128,521,91,249,22,31155,0.365461847389558,0.245681381957774
"Root gravitropism",39,168,25,87,10,15469,0.28735632183908,0.232142857142857
"Secondary metabolism",87,618,65,258,23,30487,0.251937984496124,0.140776699029126
"Seed development",93,340,49,149,24,40364,0.328859060402685,0.273529411764706
"Spliceosome",121,917,59,271,32,54346,0.217712177121771,0.131952017448201
"Starch and sucrose metabolism",178,1042,100,420,34,58489,0.238095238095238,0.170825335892514
"Steroid biosynthesis",21,159,17,80,8,8826,0.2125,0.132075471698113
"TCA cycle (plant)",19,263,10,85,9,12394,0.117647058823529,0.0722433460076046
"Terpenoid backbone biosynthesis",28,253,16,99,11,11079,0.161616161616162,0.110671936758893
"Tryptophan metabolism",40,385,18,155,11,15313,0.116129032258065,0.103896103896104
"UDP-L-arabinose biosynthesis and transport",39,321,7,116,10,14443,0.0603448275862069,0.121495327102804
"Ubiquinone and other terpenoid-quinone biosynthesis",87,294,47,104,11,13089,0.451923076923077,0.295918367346939
"Ubiquitin mediated proteolysis",117,556,55,277,24,38948,0.1985559566787,0.210431654676259
"Valine, leucine and isoleucine degradation",66,383,33,151,14,18100,0.218543046357616,0.172323759791123
"Various types of N-glycan biosynthesis",69,296,41,121,12,19669,0.338842975206612,0.233108108108108
"alpha-Linolenic acid metabolism",111,397,33,151,11,16210,0.218543046357616,0.279596977329975
"beta-Alanine metabolism",25,249,20,99,9,12537,0.202020202020202,0.100401606425703
"mRNA surveillance pathway",159,572,73,237,31,51768,0.308016877637131,0.277972027972028
